{"_id":{"$oid":"5d56ba9aa87520caa2991873"},"title":"Обща молитва","place":"Южен централен регион","date":"2020-05-30","startTime":"","endTime":"","region":"Южен централен регион","city":"Южен Централен ","description":"  Общата регионална молитва за Южен централен регион ще се проведе на 30 май 2020 г.","img":"1568634282455yuzhen-central.png","__v":0}
{"_id":{"$oid":"5d56bb64a87520caa2991874"},"title":"Обща молитва","place":"Молитвата е отменена","date":"2020-01-21","startTime":"","endTime":"","region":"Североизточен регион","city":"","description":" Молитвата е отменена","img":"1568634354136severoiztochen.png","__v":0}
{"_id":{"$oid":"5d56bc57a87520caa2991875"},"title":"Национална Молитва","place":"ОНЛАЙН","date":"2020-10-03","startTime":"11:00","endTime":"13:30","region":"Национланла Молитва","city":"ОНЛАЙН","description":"        Националната молитва за 2020 г ще се проведе ОНЛАЙН","img":"resized_263x320x1593849546118_A9166B0E-9838-450B-B713-9189C65CE8B1.jpeg","__v":0}
{"_id":{"$oid":"5d56bd33a87520caa2991876"},"title":"Обща молитва","place":"Зала","date":"2020-05-16","startTime":"","endTime":"","region":"Северен централен ","city":"Северен централен","description":" Общата регионална молитва за Северен централен регион ще се проведе на 16 май 2020 г.","img":"1568634411628severencetral.png","__v":0}
{"_id":{"$oid":"5d56bd99a87520caa2991877"},"title":"Обща молитва","place":"Зала","date":"2020-01-11","startTime":"","endTime":"","region":"Югоизточен регион","city":"Югоизточен","description":"      Общата регионална молитва за Югоизточен регион ще се проведе на 11 април 2020 г.","img":"resized_263x320x1581583221660_qsever.jpg","__v":0}
{"_id":{"$oid":"5d56be17a87520caa2991878"},"title":"Обща молитва","place":"Зала","date":"2020-06-13","startTime":"","endTime":"","region":"Северозападен","city":"Северозападен","description":"Общата регионална молитва за Северозападен регйон ще се проведе на 13 юни 2020 г","img":"1568634510765severozapaden.png","__v":0}
