{"_id":{"$oid":"5d87413abc5178577b80ba98"},"name":"live","url":"https://www.facebook.com/plugins/video.php?href=https%3A%2F%2Fwww.facebook.com%2Fmolitvabg%2Fvideos%2F279242106540950%2F&show_text=0","type":"youtube","player":"JWPplayer","text":"<p><strong>Всяка регионална молитва ще се излъчва &quot;на живо&quot; по интернет. Църквите в другите региони, които участват в инициативата, по същото време ще направят свое молитвено събрание и чрез телемост ще участват в тази обща регионална молитвата, в реално време. Така &quot;всички части на Тялото Христово се молят заеднo&quot;, както и за съживление в цяла България. Всяка година ще провеждаме национална обща молитва, на която всички - събрани заедно, ще се молим за съживление.</strong></p>\r\n","__v":0}
