{"_id":{"$oid":"5d568e3cc793016408c2bd9e"},"title":"Обща регионална молитва, за Южен централен район","desciption":"На 22 февруари 2019 г. в гр. Пловдив се проведе бща регионална молитва, за Южен централен район.","img":"1568630884057plovdiv2019.jpg","video":"https://www.youtube.com/embed/ZG96wvVSNwk","date":2019,"__v":0,"dateCreated":"2019-02-22","description":"На 22 февруари 2019 г. в гр. Пловдив се проведе бща регионална молитва, за Южен централен район.","feature":"VideoPage"}
{"_id":{"$oid":"5d5bb6a1fa582b251ccba8bd"},"title":"Обща регионална молитва, за регион Североизточна България","desciption":"На 22 април 2017 г. във Варна се проведе първата обща регионална молитва, за регион Североизточна България. В молитвата участваха над 20 пастора и църкви от населени места в областите Варна, Добрич, Шумен, Силистра, Разград и Търговище. Включиха се служители и вярващи от различни християнски деноминации: Съюз на евангелските петдесятни църкви в България, Национален алианс „Обединени Божии Църкви“, Съюз на евангелските баптистки църкви в България, Евангелска методистка епископална църква в България, Християнска църква Сион, Християнски център, Българска евангелска църква, Църкви „Ново поколение“, и други.","img":"1568630851031varna-img.png","video":"https://player.vimeo.com/video/214625790","date":2017,"__v":0,"dateCreated":"2017-04-22","description":"На 22 април 2017 г. във Варна се проведе първата обща регионална молитва, за регион Североизточна България. В молитвата участваха над 20 пастора и църкви от населени места в областите Варна, Добрич, Шумен, Силистра, Разград и Търговище. Включиха се служители и вярващи от различни християнски деноминации: Съюз на евангелските петдесятни църкви в България, Национален алианс „Обединени Божии Църкви“, Съюз на евангелските баптистки църкви в България, Евангелска методистка епископална църква в България, Християнска църква Сион, Християнски център, Българска евангелска църква, Църкви „Ново поколение“, и други.","feature":"VideoPage"}
{"_id":{"$oid":"5d5bb6f6fa582b251ccba8be"},"title":"Обща регионална молитва, за южен-централен район.","desciption":" На 24 май 2017 г. в Пловдив се проведе втората обща регионална молитва, за Южен-централен район.","img":"1568630820065pld.png","video":"https://www.youtube.com/embed/VXC8IozBq9w ","date":2017,"__v":0,"dateCreated":"2017-05-24","description":" На 24 май 2017 г. в Пловдив се проведе втората обща регионална молитва, за Южен-централен район.","feature":"VideoPage"}
{"_id":{"$oid":"5d5bb740fa582b251ccba8bf"},"title":"Обща регионална молитва - София","desciption":"На 17 юни 2017 г. във София се проведе третата обща регионална молитва, за регион София.","img":"1568630761500molitva-sf.png","video":"https://www.youtube.com/embed/Gu_2HbhM74U","date":2017,"__v":0,"dateCreated":"2017-06-17","description":"На 17 юни 2017 г. във София се проведе третата обща регионална молитва, за регион София.","feature":"VideoPage"}
{"_id":{"$oid":"5d5bb798fa582b251ccba8c0"},"title":"Регионална обща молитва - Северо-западна България","desciption":"На 1 юли 2017 г. в гр. Монтана се проведе четвъртата обща регионална молитва, за регион Северо-западна България.","img":"1568630688274montana-.png","video":"https://www.youtube.com/embed/exB1JKX6cG8","date":2017,"__v":0,"dateCreated":"2017-06-01","description":"Регионална обща молитва - Северо-западна България","feature":"VideoPage"}
{"_id":{"$oid":"5d5bb7dbfa582b251ccba8c1"},"title":"Регионална обща молитва - Ямбол","desciption":"","img":"1568630655019yambol-molitva.png","video":"https://player.vimeo.com/video/239948052","date":2017,"__v":0,"dateCreated":"2017-04-09","description":"Регионална обща молитва - Ямбол","feature":"VideoPage"}
{"_id":{"$oid":"5d5bb80dfa582b251ccba8c2"},"title":"Регионална обща молитва - Велико Търново","desciption":"","img":"1568630633326veliko-tarnovo.png","video":"https://www.youtube.com/embed/ZqPiQszUdvs","date":2017,"__v":0,"dateCreated":"2017-03-11","description":"Регионална обща молитва - Велико Търново","feature":"VideoPage"}
{"_id":{"$oid":"5d64e13183a26c272dd5ef8a"},"title":"Обща регионална молитва, за свероизточен район","desciption":"На 24 март 2018 г. в Шумен се проведе обща регионална молитва, за регион Североизточна България.","img":"1568631059177shumen-vid.jpg","video":"https://www.youtube.com/embed/gmeqBe_E724","date":2018,"__v":0,"dateCreated":"2018-03-24","description":"На 24 март 2018 г. в Шумен се проведе обща регионална молитва, за регион Североизточна България.","feature":"VideoPage"}
{"_id":{"$oid":"5d64e16483a26c272dd5ef8b"},"title":"Обща регионална молитва, за сверозападен район","desciption":"На 16 юни 2018 г. в Монтана се проведе обща регионална молитва, за регион Северозападна България.","img":"1568631133158montana2018.png","video":"https://www.youtube.com/embed/u6X1G1QN5lA","date":2018,"__v":0,"dateCreated":"2018-06-16","description":"На 16 юни 2018 г. в Монтана се проведе обща регионална молитва, за регион Северозападна България.","feature":"VideoPage"}
{"_id":{"$oid":"5d64e22683a26c272dd5ef8c"},"title":"Обща регионална молитва, за югоизточен район","desciption":"На 23 юни 2018 г. в София се проведе обща регионална молитва, за регион югоизточна България.","img":"1568631156277molitva-sofia.png","video":"https://www.facebook.com/plugins/video.php?href=https%3A%2F%2Fwww.facebook.com%2Fmolitvabg%2Fvideos%2F1993223177368153%2F","date":2018,"__v":0,"dateCreated":"2018-06-23","description":"На 23 юни 2018 г. в София се проведе обща регионална молитва, за регион югоизточна България.","feature":"VideoPage"}
{"_id":{"$oid":"5d64e25683a26c272dd5ef8d"},"title":"Национална обща молитва","desciption":"На 22 септември 2018 г. в гр. Пловдив се проведе Национална обща молитва.","img":"1568631179067national-prayer-2018.jpg","video":"https://www.youtube.com/embed/eyhQF3hxhCQ","date":2018,"__v":0,"dateCreated":"2018-09-22","description":"На 22 септември 2018 г. в гр. Пловдив се проведе Национална обща молитва.","feature":"VideoPage"}
{"_id":{"$oid":"5d64e32283a26c272dd5ef8e"},"title":"Обща регионална молитва, за Северен централен район","desciption":"На 20 октомври 2018 г. в гр. Велико Търново се проведе бща регионална молитва, за Северен централен район.","img":"1568631202435vtarnovo2018.png","video":"https://www.youtube.com/embed/e5IiCG_UiIU","date":2018,"__v":0,"dateCreated":"2018-10-20","description":"На 20 октомври 2018 г. в гр. Велико Търново се проведе бща регионална молитва, за Северен централен район.","feature":"VideoPage"}
{"_id":{"$oid":"5d64e3b983a26c272dd5ef8f"},"title":"Обща регионална молитва, за Североизточен район","desciption":"На 23 март 2019 г. в гр. Добрич се проведе бща регионална молитва, за Североизточен район.","img":"1568630909177dobrich-molitva.jpg","video":"https://www.youtube.com/embed/6gelTF4ZwCE","date":2019,"__v":0,"dateCreated":"2019-06-12","description":"На 23 март 2019 г. в гр. Добрич се проведе бща регионална молитва, за Североизточен район.","feature":"VideoPage"}
{"_id":{"$oid":"5d64e3f983a26c272dd5ef90"},"title":"Обща регионална молитва, за Югоизточен район","desciption":" На 13 април 2019 г. в гр. Ямбол се проведе бща регионална молитва, за Югоизточен район.","img":"1568630941672yambol-2019.jpg","video":"https://www.youtube.com/embed/MFrPnDnXwck","date":2019,"__v":0,"dateCreated":"2019-04-13","description":" На 13 април 2019 г. в гр. Ямбол се проведе бща регионална молитва, за Югоизточен район.","feature":"VideoPage"}
{"_id":{"$oid":"5d64e44583a26c272dd5ef91"},"title":"Обща регионална молитва, за Югозападен район - гр. София","desciption":"На 9 юни 2019 г. в гр. София се проведе обща регионална молитва, за Югозападен район.","img":"1568630974787sofia-molitva-2019.png","video":"https://www.youtube.com/embed/-JyuCl_DTB8","date":2019,"__v":0,"dateCreated":"2019-06-09","description":"На 9 юни 2019 г. в гр. София се проведе обща регионална молитва, за Югозападен район.","feature":"VideoPage"}
{"_id":{"$oid":"5d64e4bd83a26c272dd5ef92"},"title":"Обща регионална молитва, за Северозападен район - гр. Монтана","desciption":"На 15 юни 2019 г. в гр. Монтана се проведе обща регионална молитва, за Северозападен район.","img":"1568631017449molitva-2019-montana.png","video":"https://www.youtube.com/embed/DfsQzH8WxEk","date":2019,"__v":0,"dateCreated":"2019-06-15","description":"На 15 юни 2019 г. в гр. Монтана се проведе обща регионална молитва, за Северозападен район.","feature":"VideoPage"}
{"_id":{"$oid":"5d89cf6dbc5178577b80ba99"},"title":"Национална молитва 2019 - Гр. Варна","description":"На 21 септември 2019 г. в гр. Варна се проведе Национална обща молитва.\r\n","img":"resized_360x174x1570434282060_national-prayer-varna.jpg","video":"https://www.youtube.com/embed/d87W4V6zrcI","date":2019,"dateCreated":"2019-09-21","__v":2,"feature":["VideoPage"]}
{"_id":{"$oid":"5d95e3e1f9af8f0df462fe7c"},"title":"Обществото в България","description":"Обществото в България","img":"resized_360x174x1570105847464_obshtesvoto.jpg","video":"https://www.youtube.com/embed/y5zXrNvyfNM","date":2019,"dateCreated":"2019-09-21","feature":"HomePage","__v":0}
{"_id":{"$oid":"5d95e415f9af8f0df462fe7d"},"title":"Тялото Христово в България","description":"Тялото Христово в България","img":"resized_360x174x1570105864727_tqloto hristovo.jpg","video":"https://www.youtube.com/embed/KoW-66H8mqI","date":2019,"dateCreated":"2019-09-21","feature":"HomePage","__v":0}
{"_id":{"$oid":"5d95e446f9af8f0df462fe7e"},"title":"Разпространение на благовестието","description":"Разпространение на благовестието и спасение на душите","img":"resized_360x174x1570105888957_hqdefault.jpg","video":"https://www.youtube.com/embed/Gd5D9wiZlLk","date":2019,"dateCreated":"2019-09-21","feature":"HomePage","__v":0}
{"_id":{"$oid":"5d95e81c2da280183238f5ed"},"title":"Прославяне, благодарение на Бог, смиряване, покаяние, търсене на Неговото лице","description":"Прославяне, благодарение на Бог, смиряване, покаяние, търсене на Неговото лице","img":"resized_360x174x1570105906067_proslavyne.jpg","video":"https://www.youtube.com/embed/HmVmI3XgmHQ","date":2019,"dateCreated":"2019-09-20","feature":"HomePage","__v":0}
{"_id":{"$oid":"5d95e84b2da280183238f5ee"},"title":"Балканите, Европа, света, Израел","description":"Балканите, Европа, света, Израел","img":"resized_360x174x1570105919346_balkanite.jpg","video":"https://www.youtube.com/embed/Yi56qXtSkiM","date":2019,"dateCreated":"2019-09-21","feature":"HomePage","__v":0}
{"_id":{"$oid":"5da2d2c1ac3367772e2b8f58"},"feature":["VideoPage"],"title":"Обща регионална молитва, за Северен централен район","description":"На 12 Октомври 2019 г. в гр. Русе се проведе бща регионална молитва, за Северен централен район.","img":"resized_360x174x1570951873991_ruse.jpg","video":"https://www.youtube.com/embed/jbvqIFQ1tX4","date":2019,"dateCreated":"2019-10-12","__v":0}
{"_id":{"$oid":"5e7724bc20e39f50b950ffee"},"title":"Обща онлайн молитва","description":"Обща онлайн молитва","img":"resized_360x174x1585229638436_Untitled-1.jpg","video":"https://www.youtube.com/embed/DRJ9tiTpqQc","date":2020,"dateCreated":"2020-03-21","__v":3,"feature":["HomePage","VideoPage"]}
{"_id":{"$oid":"5e83247520e39f50b950fff1"},"feature":["VideoPage"],"title":"Обща онлайн молитва","description":"Обща онлайн молитва","img":"resized_360x174x1585652958337_Screen Shot 2020-03-31 at 14.04.09.png","video":"https://www.facebook.com/plugins/video.php?href=https%3A%2F%2Fwww.facebook.com%2Fmolitvabg%2Fvideos%2F2469759346673769%2F&show_text=1&width=560","date":2020,"dateCreated":"2020-03-21","__v":0}
{"_id":{"$oid":"5e8c586420e39f50b950fff2"},"feature":["VideoPage"],"title":"Обща онлайн молитва","description":"Обща онлйан молитва","img":"resized_360x174x1586255972386_Screen Shot 2020-04-07 at 13.37.26.png","video":"https://www.facebook.com/plugins/video.php?href=https%3A%2F%2Fwww.facebook.com%2Fmolitvabg%2Fvideos%2F237153494329761%2F&show_text=0&width=560","date":2020,"dateCreated":"2020-04-04","__v":0}
{"_id":{"$oid":"5e91f56e20e39f50b950fff3"},"feature":["VideoPage"],"title":"Обща онлайн молитва","description":"Обща онлайн молитва","img":"resized_360x174x1586623854090_Screen Shot 2020-04-11 at 19.49.32.png","video":"https://www.facebook.com/plugins/video.php?href=https%3A%2F%2Fwww.facebook.com%2Fmolitvabg%2Fvideos%2F334999364127756%2F&show_text=0","date":2020,"dateCreated":"2020-04-11","__v":0}
{"_id":{"$oid":"5e9b283420e39f50b950fff4"},"feature":["VideoPage"],"title":"Обща онлайн молитва","description":"Обща онлайн молитва","img":"resized_360x174x1587226676436_Screen Shot 2020-04-18 at 19.16.56.png","video":"https://www.facebook.com/plugins/video.php?href=https%3A%2F%2Fwww.facebook.com%2Fmolitvabg%2Fvideos%2F280401499632974%2F&show_text=0","date":2020,"dateCreated":"2020-04-18","__v":0}
